{
  "timestamp": "2025-11-13T22:29:30.749035",
  "pred_kwh_next_1h": 0.0166185162961483,
  "mae_test": 0.03934605419635773
}